freq            ,ref_ind         ,kappa           ,alpha           ,epsilon_r       ,epsilon_i       ,ref_ind_S       ,kappa_S         ,alpha_S         ,alpha_max       ,epsilonS_r      ,epsilonS_i      ,delta_N         ,delta_A         ,H_measure_r     ,H_measure_i     ,H_calc_r        ,H_calc_i        ,T_measure       ,T_calc          ,thickness       ,allThicknesses  ,QSnValue        ,QSkValue        ,Num_Thickness   ,N_std           ,delta_K         ,delta_Eps_1     ,delta_Eps_2     ,
+4.89552571e+010,+1.53201197e+000,-1.00000000e-002,-2.05063301e-001,+2.34696069e+000,-3.06402395e-002,+1.54260860e+000,-9.29181126e-003,-1.90672858e-001,+9.83209596e+000,+2.37955497e+000,-2.86672560e-002,+2.97416967e-002,+1.15010709e+000,-4.95574531e-001,+1.36529203e+000,-3.72412538e-001,+1.02910821e+000,+1.45245188e+000,+1.09441985e+000,+8.00000000e-003,+8.00000000e-003,+1.00000000e+000,+1.00000000e+000,+2.60000000e+001,+2.00000000e+000,+5.60466659e-002,+9.07180443e-002,+1.72363430e-001
+5.38507828e+010,+1.54703086e+000,-1.00000000e-002,-2.25569632e-001,+2.39320448e+000,-3.09406172e-002,+1.54255566e+000,-9.20328767e-003,-2.07741938e-001,+1.11749540e+001,+2.37939326e+000,-2.83931669e-002,+7.56884075e-003,+3.69256918e-001,+2.64224632e-001,+1.03714645e+000,+2.40031932e-001,+9.63357174e-001,+1.07027446e+000,+9.92810340e-001,                ,+8.00000000e-003,                ,                ,                ,                ,+1.63586499e-002,+2.30496095e-002,+5.03289395e-002
+5.87463085e+010,+1.54528103e+000,-1.00000000e-002,-2.46075962e-001,+2.38779347e+000,-3.09056206e-002,+1.54153038e+000,-7.36089042e-003,-1.81259215e-001,+1.18443295e+001,+2.37626171e+000,-2.26940723e-002,+1.17547954e-002,+3.43739565e-001,+6.68527903e-001,+9.74856877e-001,+6.19977377e-001,+8.89732864e-001,+1.18206408e+000,+1.08443373e+000,                ,+8.00000000e-003,                ,                ,                ,                ,+1.39591759e-002,+3.60352444e-002,+4.28639359e-002
+6.36418342e+010,+1.54210003e+000,-1.00000000e-002,-2.66582292e-001,+2.37797251e+000,-3.08420007e-002,+1.54049203e+000,-5.49359590e-003,-1.46550923e-001,+1.19460743e+001,+2.37308550e+000,-1.69256814e-002,+5.56962422e-003,+2.46887952e-001,+1.01800662e+000,+4.76383809e-001,+9.63346802e-001,+4.58214606e-001,+1.12395685e+000,+1.06676974e+000,                ,+8.00000000e-003,                ,                ,                ,                ,+9.25482151e-003,+1.70582389e-002,+2.84527630e-002
+6.85373599e+010,+1.53945368e+000,-3.62630138e-003,-1.04106987e-001,+2.36990448e+000,-1.11650460e-002,+1.53945368e+000,-3.62630138e-003,-1.04179058e-001,+1.27621676e+001,+2.36990448e+000,-1.11650460e-002,+6.63913431e-004,+1.90747719e-002,+9.55421653e-001,+1.16414692e-001,+9.55421653e-001,+1.16414692e-001,+9.62487878e-001,+9.62487878e-001,                ,+8.00000000e-003,                ,                ,                ,                ,+6.63961382e-004,+2.03931250e-003,+2.03946048e-003
+7.34328857e+010,+1.54645703e+000,-2.15023947e-003,-6.61402806e-002,+2.39152473e+000,-6.65050590e-003,+1.54645703e+000,-2.15023947e-003,-6.61860686e-002,+1.31770110e+001,+2.39152473e+000,-6.65050590e-003,+5.10974427e-004,+1.57291968e-002,+9.18951105e-001,-4.55516320e-001,+9.18951105e-001,-4.55516321e-001,+1.02565406e+000,+1.02565406e+000,                ,+8.00000000e-003,                ,                ,                ,                ,+5.11006929e-004,+1.57820242e-003,+1.57830308e-003
+7.83284114e+010,+1.54197990e+000,+2.45460411e-004,+8.05358755e-003,+2.37770194e+000,+7.56990038e-004,+1.54197990e+000,+2.45460411e-004,+8.05916294e-003,+1.37954171e+001,+2.37770194e+000,+7.56990038e-004,+3.93146631e-004,+1.29088378e-002,+6.05672404e-001,-6.82691218e-001,+6.05672404e-001,-6.82691218e-001,+9.12637036e-001,+9.12637036e-001,                ,+8.00000000e-003,                ,                ,                ,                ,+3.93168454e-004,+1.21264142e-003,+1.21270871e-003
+8.32239371e+010,+1.53927541e+000,-2.36396618e-003,-8.24096606e-002,+2.36936319e+000,-7.27759001e-003,+1.53927541e+000,-2.36396618e-003,-8.24667116e-002,+1.42049185e+001,+2.36936319e+000,-7.27759001e-003,+3.00848230e-004,+1.04955725e-002,+3.70377538e-001,-9.40935614e-001,+3.70377538e-001,-9.40935614e-001,+1.01120688e+000,+1.01120688e+000,                ,+8.00000000e-003,                ,                ,                ,                ,+3.00862954e-004,+9.24754104e-004,+9.24799503e-004
+8.81194628e+010,+1.54059102e+000,-1.76722275e-003,-6.52306555e-002,+2.37341755e+000,-5.44513497e-003,+1.54059102e+000,-1.76722275e-003,-6.52758138e-002,+1.50934310e+001,+2.37341755e+000,-5.44513497e-003,+2.01620632e-004,+7.44757707e-003,-1.72482002e-001,-9.65259970e-001,-1.72482002e-001,-9.65259969e-001,+9.80549259e-001,+9.80549259e-001,                ,+8.00000000e-003,                ,                ,                ,                ,+2.01629468e-004,+6.20517221e-004,+6.20544477e-004
+9.30149885e+010,+1.54119217e+000,-8.12049136e-004,-3.16390806e-002,+2.37527263e+000,-2.50304753e-003,+1.54119217e+000,-8.12049136e-004,-3.16609839e-002,+1.58029494e+001,+2.37527263e+000,-2.50304753e-003,+1.46365939e-004,+5.70688573e-003,-4.87736352e-001,-8.04204790e-001,-4.87736352e-001,-8.04204790e-001,+9.40548825e-001,+9.40548825e-001,                ,+8.00000000e-003,                ,                ,                ,                ,+1.46371687e-004,+4.50918356e-004,+4.50936083e-004
+9.79105142e+010,+1.54075786e+000,-7.07024181e-003,-2.89969426e-001,+2.37388478e+000,-2.17870612e-002,+1.54075786e+000,-7.07024181e-003,-2.90170167e-001,+1.37281381e+001,+2.37388478e+000,-2.17870612e-002,+2.96480643e-004,+1.21683090e-002,-9.76193033e-001,-5.76591320e-001,-9.76193033e-001,-5.76591320e-001,+1.13375940e+000,+1.13375940e+000,                ,+8.00000000e-003,                ,                ,                ,                ,+2.96491152e-004,+9.09417231e-004,+9.09449765e-004
+1.02806040e+011,+1.54288050e+000,-1.81633010e-003,-7.82171560e-002,+2.38047693e+000,-5.60476059e-003,+1.54288050e+000,-1.81633010e-003,-7.82713046e-002,+1.61294807e+001,+2.38047693e+000,-5.60476059e-003,+1.16191380e-004,+5.00720954e-003,-9.38635341e-001,-5.79541600e-002,-9.38635341e-001,-5.79541600e-002,+9.40422771e-001,+9.40422771e-001,                ,+8.00000000e-003,                ,                ,                ,                ,+1.16195143e-004,+3.58116730e-004,+3.58128356e-004
+1.07701566e+011,+1.54171075e+000,-3.64642782e-004,-1.64504676e-002,+2.37687189e+000,-1.12434739e-003,+1.54171075e+000,-3.64642782e-004,-1.64618560e-002,+1.59888812e+001,+2.37687189e+000,-1.12434739e-003,+1.14838749e-004,+5.18456520e-003,-9.40714409e-001,+3.07709250e-001,-9.40714409e-001,+3.07709250e-001,+9.89761882e-001,+9.89761882e-001,                ,+8.00000000e-003,                ,                ,                ,                ,+1.14842110e-004,+3.54012514e-004,+3.54022880e-004
+1.12597091e+011,+1.54346875e+000,+1.22030275e-003,+5.75550414e-002,+2.38229430e+000,+3.76699833e-003,+1.54346875e+000,+1.22030275e-003,+5.75948860e-002,+1.53392875e+001,+2.38229430e+000,+3.76699833e-003,+1.46552343e-004,+6.91704788e-003,-5.94988337e-001,+7.08619128e-001,-5.94988337e-001,+7.08619128e-001,+9.25284923e-001,+9.25284923e-001,                ,+8.00000000e-003,                ,                ,                ,                ,+1.46556285e-004,+4.52755609e-004,+4.52767771e-004
+1.17492617e+011,+1.54145443e+000,+1.76734327e-003,+8.69801390e-002,+2.37607864e+000,+5.44855824e-003,+1.54145443e+000,+1.76734327e-003,+8.70403541e-002,+1.55444576e+001,+2.37607864e+000,+5.44855824e-003,+1.30888056e-004,+6.44629931e-003,-3.27051257e-001,+8.40908903e-001,-3.27051257e-001,+8.40908903e-001,+9.02269532e-001,+9.02269531e-001,                ,+8.00000000e-003,                ,                ,                ,                ,+1.30891284e-004,+4.03978609e-004,+4.03988548e-004
+1.22388143e+011,+1.54104523e+000,-1.85757074e-004,-9.52298969e-003,+2.37482037e+000,-5.72520105e-004,+1.54104523e+000,-1.85757074e-004,-9.52958232e-003,+1.65835247e+001,+2.37482037e+000,-5.72520105e-004,+7.93417521e-005,+4.07042919e-003,+1.19745457e-001,+9.92739974e-001,+1.19745457e-001,+9.92739974e-001,+9.99935813e-001,+9.99935813e-001,                ,+8.00000000e-003,                ,                ,                ,                ,+7.93435629e-005,+2.44508980e-004,+2.44514562e-004
+1.27283668e+011,+1.54158186e+000,+5.66799408e-004,+3.02197370e-002,+2.37647431e+000,+1.74753537e-003,+1.54158186e+000,+5.66799408e-004,+3.02406577e-002,+1.63943178e+001,+2.37647431e+000,+1.74753537e-003,+8.59324549e-005,+4.58488240e-003,+4.82736718e-001,+7.64094296e-001,+4.82736718e-001,+7.64094296e-001,+9.03811281e-001,+9.03811281e-001,                ,+8.00000000e-003,                ,                ,                ,                ,+8.59342629e-005,+2.65041242e-004,+2.65046815e-004
+1.32179194e+011,+1.54197581e+000,-2.18628085e-004,-1.21048012e-002,+2.37768935e+000,-6.74238437e-004,+1.54197581e+000,-2.18628085e-004,-1.21131811e-002,+1.54640805e+001,+2.37768935e+000,-6.74238437e-004,+1.15344125e-004,+6.39081424e-003,+8.21445721e-001,+5.55159743e-001,+8.21445721e-001,+5.55159743e-001,+9.91451165e-001,+9.91451165e-001,                ,+8.00000000e-003,                ,                ,                ,                ,+1.15346370e-004,+3.55665267e-004,+3.55672191e-004
+1.37074720e+011,+1.54145668e+000,+3.53392498e-004,+2.02909931e-002,+2.37608858e+000,+1.08947845e-003,+1.54145668e+000,+3.53392498e-004,+2.03050402e-002,+1.57148221e+001,+2.37608858e+000,+1.08947845e-003,+1.02956625e-004,+5.91573522e-003,+9.35528581e-001,+7.98597779e-002,+9.35528581e-001,+7.98597780e-002,+9.38930940e-001,+9.38930940e-001,                ,+8.00000000e-003,                ,                ,                ,                ,+1.02958498e-004,+3.17479124e-004,+3.17484898e-004
+1.41970246e+011,+1.54315049e+000,-3.26115893e-004,-1.93935765e-002,+2.38131334e+000,-1.00649180e-003,+1.54315049e+000,-3.26115893e-004,-1.94070024e-002,+1.60022921e+001,+2.38131334e+000,-1.00649180e-003,+8.83238219e-005,+5.25619801e-003,+8.99421478e-001,-2.91281737e-001,+8.99421478e-001,-2.91281737e-001,+9.45412103e-001,+9.45412103e-001,                ,+8.00000000e-003,                ,                ,                ,                ,+8.83253207e-005,+2.72536290e-004,+2.72540917e-004
+1.46865771e+011,+1.54268433e+000,-1.17670953e-004,-7.23899821e-003,+2.37987494e+000,-3.63058270e-004,+1.54268433e+000,-1.17670953e-004,-7.24400966e-003,+1.62459819e+001,+2.37987494e+000,-3.63058270e-004,+7.58072778e-005,+4.66688948e-003,+6.81989452e-001,-7.24673234e-001,+6.81989452e-001,-7.24673233e-001,+9.95118540e-001,+9.95118540e-001,                ,+8.00000000e-003,                ,                ,                ,                ,+7.58084758e-005,+2.33875559e-004,+2.33879255e-004
+1.51761297e+011,+1.54326321e+000,+1.71451994e-003,+1.08991387e-001,+2.38165838e+000,+5.29191107e-003,+1.54326321e+000,+1.71451994e-003,+1.09066840e-001,+1.53676772e+001,+2.38165838e+000,+5.29191107e-003,+1.10160212e-004,+7.00779501e-003,+2.77065892e-001,-8.32214232e-001,+2.77065892e-001,-8.32214232e-001,+8.77123729e-001,+8.77123729e-001,                ,+8.00000000e-003,                ,                ,                ,                ,+1.10161844e-004,+3.40390154e-004,+3.40395186e-004
+1.56656823e+011,+1.54325590e+000,+2.27414838e-003,+1.49230200e-001,+2.38163361e+000,+7.01918582e-003,+1.54325590e+000,+2.27414838e-003,+1.49333510e-001,+1.56993060e+001,+2.38163361e+000,+7.01918582e-003,+9.10138382e-005,+5.97656858e-003,-9.32701049e-002,-9.25114871e-001,-9.32701047e-002,-9.25114871e-001,+9.29804731e-001,+9.29804731e-001,                ,+8.00000000e-003,                ,                ,                ,                ,+9.10150962e-005,+2.81329249e-004,+2.81333127e-004
+1.61552348e+011,+1.54334248e+000,+8.56711988e-004,+5.79744622e-002,+2.38190527e+000,+2.64440000e-003,+1.54334248e+000,+8.56711988e-004,+5.80145971e-002,+1.48734918e+001,+2.38190527e+000,+2.64440000e-003,+1.23517905e-004,+8.36446220e-003,-5.27580793e-001,-7.50836919e-001,-5.27580793e-001,-7.50836919e-001,+9.17658745e-001,+9.17658745e-001,                ,+8.00000000e-003,                ,                ,                ,                ,+1.23519517e-004,+3.81472499e-004,+3.81477475e-004
+1.66447874e+011,+1.54203141e+000,+1.59684280e-003,+1.11334311e-001,+2.37785831e+000,+4.92476350e-003,+1.54203141e+000,+1.59684280e-003,+1.11411386e-001,+1.50343571e+001,+2.37785831e+000,+4.92476350e-003,+1.13396622e-004,+7.91175588e-003,-7.28520409e-001,-5.29296538e-001,-7.28520409e-001,-5.29296538e-001,+9.00498091e-001,+9.00498091e-001,                ,+8.00000000e-003,                ,                ,                ,                ,+1.13398018e-004,+3.50084462e-004,+3.50088764e-004
+1.71343400e+011,+1.54231037e+000,+1.78032872e-003,+1.27778030e-001,+2.37871811e+000,+5.49163892e-003,+1.54231037e+000,+1.78032872e-003,+1.27866489e-001,+1.51133402e+001,+2.37871811e+000,+5.49163892e-003,+1.04845539e-004,+7.53028741e-003,-9.31352356e-001,-1.03666243e-001,-9.31352356e-001,-1.03666243e-001,+9.37103997e-001,+9.37103997e-001,                ,+8.00000000e-003,                ,                ,                ,                ,+1.04846759e-004,+3.23782046e-004,+3.23785807e-004
+1.76238926e+011,+1.54283317e+000,+1.74201635e-003,+1.28600505e-001,+2.38033114e+000,+5.37528120e-003,+1.54283317e+000,+1.74201635e-003,+1.28689533e-001,+1.46847046e+001,+2.38033114e+000,+5.37528120e-003,+1.25079719e-004,+9.24022718e-003,-8.26634462e-001,+2.74445415e-001,-8.26634462e-001,+2.74445415e-001,+8.71002192e-001,+8.71002192e-001,                ,                ,                ,                ,                ,                ,+1.25081088e-004,+3.86390063e-004,+3.86394285e-004
+1.81134451e+011,+1.54175689e+000,+1.67125494e-003,+1.26803831e-001,+2.37701153e+000,+5.15333766e-003,+1.54175689e+000,+1.67125494e-003,+1.26891615e-001,+1.48276568e+001,+2.37701153e+000,+5.15333766e-003,+1.11094709e-004,+8.43505862e-003,-7.10530779e-001,+6.13907790e-001,-7.10530779e-001,+6.13907790e-001,+9.39008393e-001,+9.39008393e-001,                ,                ,                ,                ,                ,                ,+1.11095862e-004,+3.42933405e-004,+3.42936959e-004
+1.86029977e+011,+1.54270415e+000,+2.27875198e-003,+1.77569593e-001,+2.37993091e+000,+7.03088028e-003,+1.54270415e+000,+2.27875198e-003,+1.77692522e-001,+1.45202450e+001,+2.37993091e+000,+7.03088028e-003,+1.26339942e-004,+9.85183345e-003,-2.79306888e-001,+8.28341532e-001,-2.79306888e-001,+8.28341531e-001,+8.74163618e-001,+8.74163618e-001,                ,                ,                ,                ,                ,                ,+1.26341191e-004,+3.90386108e-004,+3.90389956e-004
+1.90925503e+011,+1.54327058e+000,+1.95441783e-003,+1.56303955e-001,+2.38168026e+000,+6.03239107e-003,+1.54327058e+000,+1.95441783e-003,+1.56412162e-001,+1.40061693e+001,+2.38168026e+000,+6.03239107e-003,+1.49889575e-004,+1.19957833e-002,+5.62778791e-002,+8.88757480e-001,+5.62778790e-002,+8.88757480e-001,+8.90537511e-001,+8.90537511e-001,                ,                ,                ,                ,                ,                ,+1.49890983e-004,+4.63226243e-004,+4.63230582e-004
+1.95821028e+011,+1.54207758e+000,+1.50453370e-003,+1.23409859e-001,+2.37800101e+000,+4.64021539e-003,+1.54207758e+000,+1.50453370e-003,+1.23495294e-001,+1.38166716e+001,+2.37800101e+000,+4.64021539e-003,+1.54127341e-004,+1.26512093e-002,+4.79883184e-001,+8.04600694e-001,+4.79883184e-001,+8.04600694e-001,+9.36840513e-001,+9.36840513e-001,                ,                ,                ,                ,                ,                ,+1.54128714e-004,+4.75816421e-004,+4.75820649e-004
+2.00716554e+011,+1.54279831e+000,+2.46439056e-003,+2.07195986e-001,+2.38022056e+000,+7.60411519e-003,+1.54279831e+000,+2.46439056e-003,+2.07339425e-001,+1.40934330e+001,+2.38022056e+000,+7.60411519e-003,+1.41054817e-004,+1.18676288e-002,+6.99034505e-001,+4.77265474e-001,+6.99034505e-001,+4.77265475e-001,+8.46422809e-001,+8.46422809e-001,                ,                ,                ,                ,                ,                ,+1.41056012e-004,+4.35933502e-004,+4.35937183e-004
+2.05612080e+011,+1.54224594e+000,+1.92751468e-003,+1.66010260e-001,+2.37851881e+000,+5.94540337e-003,+1.54224594e+000,+1.92751468e-003,+1.66125187e-001,+1.38531161e+001,+2.37851881e+000,+5.94540337e-003,+1.45414000e-004,+1.25327829e-002,+9.10041361e-001,+1.70246153e-001,+9.10041361e-001,+1.70246153e-001,+9.25828835e-001,+9.25828835e-001,                ,                ,                ,                ,                ,                ,+1.45415175e-004,+4.49088879e-004,+4.49092499e-004
+2.10507606e+011,+1.54227804e+000,+1.98393844e-003,+1.74938175e-001,+2.37861763e+000,+6.11956938e-003,+1.54227804e+000,+1.98393844e-003,+1.75059282e-001,+1.30724052e+001,+2.37861763e+000,+6.11956938e-003,+1.99356883e-004,+1.75910406e-002,+8.30492207e-001,-2.69623810e-001,+8.30492207e-001,-2.69623810e-001,+8.73163390e-001,+8.73163390e-001,                ,                ,                ,                ,                ,                ,+1.99358418e-004,+6.15718516e-004,+6.15723246e-004
+2.15403131e+011,+1.54248164e+000,+2.93490112e-003,+2.64809826e-001,+2.37924099e+000,+9.05406218e-003,+1.54248164e+000,+2.93490112e-003,+2.64993150e-001,+1.32935464e+001,+2.37924099e+000,+9.05406218e-003,+1.80146316e-004,+1.62655873e-002,+6.56330522e-001,-5.47609441e-001,+6.56330522e-001,-5.47609441e-001,+8.54778248e-001,+8.54778248e-001,                ,                ,                ,                ,                ,                ,+1.80147639e-004,+5.56802199e-004,+5.56806274e-004
+2.20298657e+011,+1.54263654e+000,+1.85043624e-003,+1.70755454e-001,+2.37972408e+000,+5.70910114e-003,+1.54263654e+000,+1.85043624e-003,+1.70873666e-001,+1.28646910e+001,+2.37972408e+000,+5.70910114e-003,+2.02631728e-004,+1.87116256e-002,+3.19598114e-001,-8.56841382e-001,+3.19598114e-001,-8.56841383e-001,+9.14505390e-001,+9.14505391e-001,                ,                ,                ,                ,                ,                ,+2.02633156e-004,+6.25924137e-004,+6.25928536e-004
+2.25194183e+011,+1.54332149e+000,+2.37538737e-003,+2.24068197e-001,+2.38183559e+000,+7.33197278e-003,+1.54332149e+000,+2.37538737e-003,+2.24223316e-001,+1.27840330e+001,+2.38183559e+000,+7.33197278e-003,+2.12793911e-004,+2.00866936e-002,-6.02671656e-002,-8.39842249e-001,-6.02671656e-002,-8.39842248e-001,+8.42001861e-001,+8.42001861e-001,                ,                ,                ,                ,                ,                ,+2.12795346e-004,+6.57829775e-004,+6.57834200e-004
+2.30089708e+011,+1.54215406e+000,+2.43989979e-003,+2.35156936e-001,+2.37823320e+000,+7.52540274e-003,+1.54215406e+000,+2.43989979e-003,+2.35319731e-001,+1.25000093e+001,+2.37823320e+000,+7.52540274e-003,+2.26111448e-004,+2.18077918e-002,-4.06829037e-001,-8.02914488e-001,-4.06829037e-001,-8.02914488e-001,+9.00100850e-001,+9.00100850e-001,                ,                ,                ,                ,                ,                ,+2.26112899e-004,+6.98500761e-004,+6.98505231e-004
+2.34985234e+011,+1.54275104e+000,+1.96510062e-003,+1.93425610e-001,+2.38007691e+000,+6.06332206e-003,+1.54275104e+000,+1.96510062e-003,+1.93559516e-001,+1.15638448e+001,+2.38007691e+000,+6.06332206e-003,+3.28267687e-004,+3.23340834e-002,-7.18381861e-001,-4.78808251e-001,-7.18381861e-001,-4.78808251e-001,+8.63324875e-001,+8.63324875e-001,                ,                ,                ,                ,                ,                ,+3.28269717e-004,+1.01416080e-003,+1.01416705e-003
+2.39880760e+011,+1.54238489e+000,+2.49484195e-003,+2.50684258e-001,+2.37894491e+000,+7.69601303e-003,+1.54238489e+000,+2.49484195e-003,+2.50857803e-001,+1.19696238e+001,+2.37894491e+000,+7.69601303e-003,+2.73555928e-004,+2.75063709e-002,-8.40469378e-001,-1.92884269e-001,-8.40469379e-001,-1.92884269e-001,+8.62318455e-001,+8.62318455e-001,                ,                ,                ,                ,                ,                ,+2.73557558e-004,+8.45222022e-004,+8.45227044e-004
+2.44776286e+011,+1.54257093e+000,+2.57175523e-003,+2.63686309e-001,+2.37951847e+000,+7.93422973e-003,+1.54262618e+000,+2.59447978e-003,+2.66200453e-001,+1.13610073e+001,+2.37968881e+000,+8.00462486e-003,+3.39241550e-004,+3.48072742e-002,-8.39143309e-001,+2.54999890e-001,-8.39143309e-001,+2.54999891e-001,+8.77032746e-001,+8.77032746e-001,                ,                ,                ,                ,                ,                ,+3.39243483e-004,+1.04840612e-003,+1.04841207e-003
+2.49671811e+011,+1.54310608e+000,+3.09348959e-003,+3.23524206e-001,+2.38116682e+000,+9.54716522e-003,+1.54286748e+000,+2.69411760e-003,+2.81952028e-001,+1.07242022e+001,+2.38043280e+000,+8.31333286e-003,+4.45459875e-004,+4.66197178e-002,-6.11391066e-001,+5.34581106e-001,-6.11391067e-001,+5.34581106e-001,+8.12142842e-001,+8.12142842e-001,                ,                ,                ,                ,                ,                ,+4.45462313e-004,+1.37697136e-003,+1.37697887e-003
+2.54567337e+011,+1.54254555e+000,+2.77364808e-003,+2.95762185e-001,+2.37943908e+000,+8.55695701e-003,+1.54285624e+000,+2.58704161e-003,+2.76054769e-001,+1.09483628e+001,+2.38039870e+000,+7.98286659e-003,+3.84461257e-004,+4.10248224e-002,-3.63741560e-001,+7.99506808e-001,-3.63741560e-001,+7.99506808e-001,+8.78361576e-001,+8.78361576e-001,                ,                ,                ,                ,                ,                ,+3.84463282e-004,+1.18832615e-003,+1.18833238e-003
+2.59462863e+011,+1.54287286e+000,+2.09464927e-003,+2.27653919e-001,+2.38045227e+000,+6.46355502e-003,+1.54277413e+000,+2.54579442e-003,+2.76877520e-001,+1.03049521e+001,+2.38014552e+000,+7.85517153e-003,+4.95734689e-004,+5.39157781e-002,+5.89877900e-002,+8.47459568e-001,+5.89877900e-002,+8.47459568e-001,+8.49510023e-001,+8.49510023e-001,                ,                ,                ,                ,                ,                ,+4.95737202e-004,+1.53213739e-003,+1.53214513e-003
+2.64358388e+011,+1.54277837e+000,+2.65522321e-003,+2.94023972e-001,+2.38015804e+000,+8.19284183e-003,+1.54265578e+000,+2.55863982e-003,+2.83525034e-001,+1.10960220e+001,+2.37978029e+000,+7.89420100e-003,+3.54186332e-004,+3.92478778e-002,+3.68154699e-001,+7.67753164e-001,+3.68154699e-001,+7.67753164e-001,+8.51459220e-001,+8.51459220e-001,                ,                ,                ,                ,                ,                ,+3.54188064e-004,+1.09458766e-003,+1.09459300e-003
+2.69253914e+011,+1.54232953e+000,+2.49013325e-003,+2.80849219e-001,+2.37877418e+000,+7.68121208e-003,+1.54251892e+000,+2.60912061e-003,+2.94472906e-001,+1.04645441e+001,+2.37935780e+000,+8.04923579e-003,+4.43404035e-004,+5.00440987e-002,+7.01516560e-001,+5.12493179e-001,+7.01516561e-001,+5.12493179e-001,+8.68777729e-001,+8.68777730e-001,                ,                ,                ,                ,                ,                ,+4.43406122e-004,+1.37023202e-003,+1.37023845e-003
+2.74149440e+011,+1.54272631e+000,+2.74630710e-003,+3.15373409e-001,+2.37999692e+000,+8.47360043e-003,+1.54237280e+000,+2.67841909e-003,+3.07790390e-001,+1.04588256e+001,+2.37890668e+000,+8.26224150e-003,+4.50225167e-004,+5.17378357e-002,+7.96669412e-001,+1.73830445e-001,+7.96669412e-001,+1.73830445e-001,+8.15413500e-001,+8.15413500e-001,                ,                ,                ,                ,                ,                ,+4.50227205e-004,+1.39124190e-003,+1.39124817e-003
+2.79044965e+011,+1.54222668e+000,+2.74771757e-003,+3.21169940e-001,+2.37845560e+000,+8.47520671e-003,+1.54222668e+000,+2.74771757e-003,+3.21392282e-001,+1.08662537e+001,+2.37845560e+000,+8.47520671e-003,+3.64231973e-004,+4.26033080e-002,+8.49263427e-001,-1.85718576e-001,+8.49263427e-001,-1.85718576e-001,+8.69332938e-001,+8.69332938e-001,                ,                ,                ,                ,                ,                ,+3.64233569e-004,+1.12545816e-003,+1.12546307e-003
+2.83940491e+011,+1.54299558e+000,+2.97057221e-003,+3.53310100e-001,+2.38082654e+000,+9.16715961e-003,+1.54280311e+000,+2.64418305e-003,+3.14708163e-001,+1.03119680e+001,+2.38023445e+000,+8.15890767e-003,+4.63213279e-004,+5.51314389e-002,+6.04063252e-001,-5.36186817e-001,+6.04063252e-001,-5.36186817e-001,+8.07705835e-001,+8.07705835e-001,                ,                ,                ,                ,                ,                ,+4.63215238e-004,+1.43174343e-003,+1.43174946e-003
+2.88836017e+011,+1.54337954e+000,+2.54064853e-003,+3.07386328e-001,+2.38201394e+000,+7.84236991e-003,+1.54337954e+000,+2.54064853e-003,+3.07599127e-001,+1.03832545e+001,+2.38201394e+000,+7.84236991e-003,+4.31070656e-004,+5.21904142e-002,+3.60924436e-001,-7.71220381e-001,+3.60924436e-001,-7.71220381e-001,+8.51497107e-001,+8.51497108e-001,                ,                ,                ,                ,                ,                ,+4.31072417e-004,+1.33280167e-003,+1.33280709e-003
+2.93731543e+011,+1.54218591e+000,+1.90045470e-003,+2.33828109e-001,+2.37833378e+000,+5.86170893e-003,+1.54218591e+000,+1.90045470e-003,+2.33989985e-001,+1.04436996e+001,+2.37833378e+000,+5.86170893e-003,+4.06630292e-004,+5.00658037e-002,-1.62777038e-002,-8.83403623e-001,-1.62777038e-002,-8.83403623e-001,+8.83553578e-001,+8.83553578e-001,                ,                ,                ,                ,                ,                ,+4.06631899e-004,+1.25574459e-003,+1.25574954e-003
+2.98627068e+011,+1.54295665e+000,+2.26061906e-003,+2.82777705e-001,+2.38071011e+000,+6.97607443e-003,+1.54265514e+000,+2.04274361e-003,+2.55700862e-001,+1.02625667e+001,+2.37978069e+000,+6.30249784e-003,+4.43892160e-004,+5.55645071e-002,-3.58353102e-001,-7.45382934e-001,-3.58353102e-001,-7.45382934e-001,+8.27050581e-001,+8.27050581e-001,                ,                ,                ,                ,                ,                ,+4.43893856e-004,+1.37135856e-003,+1.37136379e-003
+3.03522594e+011,+1.54328612e+000,+2.62122382e-003,+3.33260422e-001,+2.38172517e+000,+8.09059666e-003,+1.54312436e+000,+2.18503252e-003,+2.77995709e-001,+1.02449453e+001,+2.38122801e+000,+6.74355382e-003,+4.30193405e-004,+5.47325326e-002,-6.93619015e-001,-5.17511893e-001,-6.93619015e-001,-5.17511893e-001,+8.65405048e-001,+8.65405049e-001,                ,                ,                ,                ,                ,                ,+4.30194999e-004,+1.32956382e-003,+1.32956874e-003
+3.08418120e+011,+1.54351270e+000,+2.10922579e-003,+2.72490626e-001,+2.38242700e+000,+6.51123358e-003,+1.54326813e+000,+2.45046987e-003,+3.16795069e-001,+9.58056653e+000,+2.38167052e+000,+7.56346411e-003,+5.63511010e-004,+7.28505785e-002,-8.18961592e-001,-1.35787794e-001,-8.18961592e-001,-1.35787794e-001,+8.30142406e-001,+8.30142406e-001,                ,                ,                ,                ,                ,                ,+5.63513025e-004,+1.74205891e-003,+1.74206512e-003
+3.13313645e+011,+1.54330399e+000,+3.16471937e-003,+4.15339394e-001,+2.38177718e+000,+9.76824805e-003,+1.54341191e+000,+2.71590721e-003,+3.56683812e-001,+9.68364333e+000,+2.38211293e+000,+8.38352705e-003,+5.36452408e-004,+7.04532739e-002,-7.97679656e-001,+1.78484551e-001,-7.97679656e-001,+1.78484551e-001,+8.17404165e-001,+8.17404165e-001,                ,                ,                ,                ,                ,                ,+5.36454272e-004,+1.65884799e-003,+1.65885373e-003
+3.18209171e+011,+1.54360964e+000,+2.75693847e-003,+3.67475488e-001,+2.38272312e+000,+8.51127360e-003,+1.54349049e+000,+2.62816120e-003,+3.50553133e-001,+1.01692683e+001,+2.38235598e+000,+8.11308362e-003,+4.31784199e-004,+5.75930479e-002,-6.08732128e-001,+5.63236980e-001,-6.08732128e-001,+5.63236981e-001,+8.29331477e-001,+8.29331478e-001,                ,                ,                ,                ,                ,                ,+4.31785654e-004,+1.33517921e-003,+1.33518370e-003
+3.23104697e+011,+1.54428382e+000,+2.24524533e-003,+3.03875497e-001,+2.38480747e+000,+6.93459206e-003,+1.54357022e+000,+2.54193343e-003,+3.44267959e-001,+9.06471484e+000,+2.38260255e+000,+7.84730547e-003,+6.63310337e-004,+8.98360442e-002,-3.21668921e-001,+7.59266055e-001,-3.21668921e-001,+7.59266055e-001,+8.24594347e-001,+8.24594347e-001,                ,                ,                ,                ,                ,                ,+6.63312510e-004,+2.05110435e-003,+2.05111105e-003
+3.28000223e+011,+1.54309790e+000,+2.34518861e-003,+3.22211120e-001,+2.38114564e+000,+7.23771126e-003,+1.54364994e+000,+2.45570567e-003,+3.37628898e-001,+9.14502756e+000,+2.38284912e+000,+7.58149982e-003,+6.16760322e-004,+8.47971197e-002,+8.07612191e-003,+8.69367080e-001,+8.07612203e-003,+8.69367080e-001,+8.69404591e-001,+8.69404591e-001,                ,                ,                ,                ,                ,                ,+6.16762275e-004,+1.90715324e-003,+1.90715926e-003
+3.32895748e+011,+1.54382700e+000,+2.49852889e-003,+3.48402476e-001,+2.38339557e+000,+7.71459274e-003,+1.54392753e+000,+2.53643101e-003,+3.53932516e-001,+9.32071207e+000,+2.38370578e+000,+7.83213130e-003,+5.88328270e-004,+8.20953323e-002,+3.90558803e-001,+7.03803188e-001,+3.90558803e-001,+7.03803188e-001,+8.04906893e-001,+8.04906893e-001,                ,                ,                ,                ,                ,                ,+5.88330083e-004,+1.81965694e-003,+1.81966253e-003
+3.37791274e+011,+1.54425587e+000,+2.70916104e-003,+3.83329160e-001,+2.38471886e+000,+8.36727570e-003,+1.54416154e+000,+2.58777526e-003,+3.66407322e-001,+9.33265109e+000,+2.38442816e+000,+7.99188605e-003,+5.66978546e-004,+8.02796578e-002,+6.70084403e-001,+4.95565612e-001,+6.70084403e-001,+4.95565612e-001,+8.33425692e-001,+8.33425692e-001,                ,                ,                ,                ,                ,                ,+5.66980242e-004,+1.75394736e-003,+1.75395259e-003
+3.42686800e+011,+1.54433811e+000,+2.95307613e-003,+4.23897279e-001,+2.38497149e+000,+9.12109605e-003,+1.54433195e+000,+2.63287216e-003,+3.78195458e-001,+8.62375083e+000,+2.38495424e+000,+8.13205718e-003,+7.54906523e-004,+1.08437870e-001,+7.99355746e-001,+9.98125467e-002,+7.99355746e-001,+9.98125467e-002,+8.05563252e-001,+8.05563252e-001,                ,                ,                ,                ,                ,                ,+7.54908718e-004,+2.33562768e-003,+2.33563445e-003
+3.47582325e+011,+1.54534150e+000,+2.95752478e-003,+4.30600654e-001,+2.38807161e+000,+9.14077155e-003,+1.54447592e+000,+2.70640568e-003,+3.94311771e-001,+7.84706258e+000,+2.38539854e+000,+8.35995681e-003,+1.02548915e-003,+1.49409821e-001,+7.49945211e-001,-2.48838223e-001,+7.49945211e-001,-2.48838223e-001,+7.90150796e-001,+7.90150796e-001,                ,                ,                ,                ,                ,                ,+1.02549205e-003,+3.17323739e-003,+3.17324634e-003
+3.52477851e+011,+1.54490413e+000,+2.77355876e-003,+4.09503684e-001,+2.38672107e+000,+8.56976477e-003,+1.54460906e+000,+2.82014271e-003,+4.16669852e-001,+8.82179695e+000,+2.38580920e+000,+8.71203596e-003,+6.65765815e-004,+9.83656985e-002,+5.92009615e-001,-5.89197128e-001,+5.92009615e-001,-5.89197128e-001,+8.35241665e-001,+8.35241666e-001,                ,                ,                ,                ,                ,                ,+6.65767647e-004,+2.06045094e-003,+2.06045659e-003
+3.57373377e+011,+1.54448377e+000,+2.18194557e-003,+3.26628982e-001,+2.38542537e+000,+6.73995905e-003,+1.54473114e+000,+2.97034442e-003,+4.44957126e-001,+8.22241161e+000,+2.38618548e+000,+9.17676706e-003,+8.47682220e-004,+1.26983003e-001,+2.93166501e-001,-7.54805274e-001,+2.93166501e-001,-7.54805274e-001,+8.09739217e-001,+8.09739217e-001,                ,                ,                ,                ,                ,                ,+8.47684490e-004,+2.62391808e-003,+2.62392508e-003
+3.62268903e+011,+1.54502464e+000,+2.85922244e-003,+4.33877979e-001,+2.38709295e+000,+8.83513823e-003,+1.54485741e+000,+3.11228245e-003,+4.72605989e-001,+7.95051058e+000,+2.38657473e+000,+9.61606523e-003,+9.26055238e-004,+1.40623610e-001,-6.28961668e-002,-8.18041985e-001,-6.28961668e-002,-8.18041986e-001,+8.20456347e-001,+8.20456347e-001,                ,                ,                ,                ,                ,                ,+9.26057658e-004,+2.86701090e-003,+2.86701836e-003
+3.67164428e+011,+1.54423794e+000,+3.09214099e-003,+4.75563480e-001,+2.38466127e+000,+9.55000289e-003,+1.54499690e+000,+3.21950190e-003,+4.95494052e-001,+7.95321016e+000,+2.38700505e+000,+9.94824089e-003,+9.32722716e-004,+1.43550073e-001,-3.97771497e-001,-6.78712152e-001,-3.97771497e-001,-6.78712153e-001,+7.86684403e-001,+7.86684403e-001,                ,                ,                ,                ,                ,                ,+9.32725084e-004,+2.88811323e-003,+2.88812053e-003
+3.72059954e+011,+1.54565935e+000,+3.75700977e-003,+5.85522868e-001,+2.38904870e+000,+1.16141145e-002,+1.54514856e+000,+3.29406866e-003,+5.13729774e-001,+7.16581387e+000,+2.38747322e+000,+1.01796509e-002,+1.29640041e-003,+2.02181922e-001,-6.31601642e-001,-3.98979481e-001,-6.31601642e-001,-3.98979481e-001,+7.47064429e-001,+7.47064429e-001,                ,                ,                ,                ,                ,                ,+1.29640361e-003,+4.01480333e-003,+4.01481321e-003
+3.76955480e+011,+1.54513629e+000,+3.75947851e-003,+5.93616927e-001,+2.38743202e+000,+1.16178133e-002,+1.54530631e+000,+3.35230909e-003,+5.29691833e-001,+8.02427854e+000,+2.38796036e+000,+1.03606888e-002,+8.92339702e-004,+1.40997199e-001,-7.66648572e-001,-8.23120940e-002,-7.66648573e-001,-8.23120940e-002,+7.71054677e-001,+7.71054677e-001,                ,                ,                ,                ,                ,                ,+8.92341856e-004,+2.76385916e-003,+2.76386580e-003
+3.81851005e+011,+1.54661123e+000,+2.09896445e-003,+3.35728052e-001,+2.39200190e+000,+6.49256398e-003,+1.54546406e+000,+3.41054952e-003,+5.45892917e-001,+6.78247270e+000,+2.38844753e+000,+1.05417634e-002,+1.41422805e-003,+2.26362023e-001,-7.37366522e-001,+3.25307506e-001,-7.37366522e-001,+3.25307506e-001,+8.05936946e-001,+8.05936946e-001,                ,                ,                ,                ,                ,                ,+1.41423137e-003,+4.38092387e-003,+4.38093411e-003
+3.86746531e+011,+1.54579183e+000,+3.06162053e-003,+4.95982551e-001,+2.38946302e+000,+9.46525603e-003,+1.54564874e+000,+3.62494448e-003,+5.87647573e-001,+7.11902857e+000,+2.38901689e+000,+1.12057817e-002,+1.22294571e-003,+1.98254823e-001,-5.60779296e-001,+5.74627022e-001,-5.60779296e-001,+5.74627022e-001,+8.02913217e-001,+8.02913217e-001,                ,                ,                ,                ,                ,                ,+1.22294852e-003,+3.78935525e-003,+3.78936389e-003
+3.91642057e+011,+1.54555748e+000,+3.02614226e-003,+4.96440578e-001,+2.38873876e+000,+9.35415360e-003,+1.54585197e+000,+3.80849789e-003,+6.25219051e-001,+6.86709979e+000,+2.38964381e+000,+1.17747479e-002,+1.36203428e-003,+2.23597783e-001,-2.24828483e-001,+7.40130176e-001,-2.24828483e-001,+7.40130176e-001,+7.73524741e-001,+7.73524741e-001,                ,                ,                ,                ,                ,                ,+1.36203732e-003,+4.22138138e-003,+4.22139077e-003
+3.96537583e+011,+1.54565392e+000,+3.93439801e-003,+6.53508522e-001,+2.38903057e+000,+1.21624354e-002,+1.54604654e+000,+3.88988639e-003,+6.46562382e-001,+6.95425647e+000,+2.39024477e+000,+1.20278908e-002,+1.34121929e-003,+2.22932944e-001,+7.57789966e-002,+7.25722428e-001,+7.57789965e-002,+7.25722428e-001,+7.29668075e-001,+7.29668075e-001,                ,                ,                ,                ,                ,                ,+1.34122221e-003,+4.15760928e-003,+4.15761829e-003
+4.01433108e+011,+1.54573648e+000,+3.90626106e-003,+6.56845247e-001,+2.38928600e+000,+1.20761004e-002,+1.54621229e+000,+3.86901718e-003,+6.51033007e-001,+7.04391822e+000,+2.39075747e+000,+1.19646438e-002,+1.26040011e-003,+2.12085856e-001,+4.23954151e-001,+6.16644330e-001,+4.23954151e-001,+6.16644330e-001,+7.48323027e-001,+7.48323027e-001,                ,                ,                ,                ,                ,                ,+1.26040279e-003,+3.90744532e-003,+3.90745359e-003
+4.06328634e+011,+1.54725102e+000,+5.19885930e-003,+8.84859060e-001,+2.39395871e+000,+1.60878808e-002,+1.54636410e+000,+3.81370613e-003,+6.49551835e-001,+6.26562115e+000,+2.39122740e+000,+1.17947565e-002,+1.83571545e-003,+3.12660382e-001,+5.91815330e-001,+2.81627740e-001,+5.91815330e-001,+2.81627740e-001,+6.55407941e-001,+6.55407941e-001,                ,                ,                ,                ,                ,                ,+1.83571926e-003,+5.69137074e-003,+5.69138251e-003
+4.11224160e+011,+1.54677302e+000,+4.99883917e-003,+8.61065909e-001,+2.39248178e+000,+1.54641391e-002,+1.54651071e+000,+3.79764202e-003,+6.54608752e-001,+6.59178678e+000,+2.39168094e+000,+1.17461881e-002,+1.54236898e-003,+2.65862415e-001,+6.90725130e-001,+1.92483991e-002,+6.90725130e-001,+1.92483991e-002,+6.90993275e-001,+6.90993275e-001,                ,                ,                ,                ,                ,                ,+1.54237211e-003,+4.78229503e-003,+4.78230469e-003
+4.16119685e+011,+1.54677595e+000,+3.30953087e-003,+5.76863827e-001,+2.39250487e+000,+1.02382055e-002,+1.54672615e+000,+3.82070709e-003,+6.66424826e-001,+5.98580814e+000,+2.39234719e+000,+1.18191752e-002,+1.86217467e-003,+3.24809481e-001,+6.69578146e-001,-3.24464862e-001,+6.69578146e-001,-3.24464862e-001,+7.44051303e-001,+7.44051303e-001,                ,                ,                ,                ,                ,                ,+1.86217836e-003,+5.77477819e-003,+5.77478958e-003
+4.21015211e+011,+1.54659947e+000,+2.59183979e-003,+4.57082452e-001,+2.39196321e+000,+8.01707609e-003,+1.54704355e+000,+3.83843782e-003,+6.77394175e-001,+5.98388766e+000,+2.39332901e+000,+1.18764609e-002,+1.77842037e-003,+3.13850058e-001,+5.34586344e-001,-5.87784463e-001,+5.34586345e-001,-5.87784463e-001,+7.94526988e-001,+7.94526988e-001,                ,                ,                ,                ,                ,                ,+1.77842381e-003,+5.51624026e-003,+5.51625089e-003
+4.25910737e+011,+1.54661036e+000,+3.17878862e-003,+5.67112013e-001,+2.39199350e+000,+9.83269483e-003,+1.54741975e+000,+3.79713077e-003,+6.77896362e-001,+6.53342763e+000,+2.39449346e+000,+1.17515103e-002,+1.43213559e-003,+2.55677617e-001,+1.77730735e-001,-7.51716461e-001,+1.77730735e-001,-7.51716461e-001,+7.72441488e-001,+7.72441488e-001,                ,                ,                ,                ,                ,                ,+1.43213830e-003,+4.44310582e-003,+4.44311420e-003
+4.30806262e+011,+1.54733585e+000,+4.20711229e-003,+7.59197415e-001,+2.39423054e+000,+1.30196313e-002,+1.54776189e+000,+3.72736367e-003,+6.73089688e-001,+6.62533358e+000,+2.39555298e+000,+1.15381429e-002,+1.45543214e-003,+2.62823343e-001,-1.58392945e-001,-6.70185110e-001,-1.58392945e-001,-6.70185110e-001,+6.88648246e-001,+6.88648246e-001,                ,                ,                ,                ,                ,                ,+1.45543484e-003,+4.51617468e-003,+4.51618300e-003
+4.35701788e+011,+1.54720676e+000,+4.81400779e-003,+8.78586933e-001,+2.39382558e+000,+1.48965308e-002,+1.54808391e+000,+3.69381323e-003,+6.74611027e-001,+5.93662846e+000,+2.39655016e+000,+1.14366657e-002,+1.89884880e-003,+3.46792483e-001,-4.31917748e-001,-5.33747979e-001,-4.31917748e-001,-5.33747979e-001,+6.86614773e-001,+6.86614772e-001,                ,                ,                ,                ,                ,                ,+1.89885224e-003,+5.89318259e-003,+5.89319321e-003
+4.40597314e+011,+1.54963065e+000,+3.87743430e-003,+7.15607532e-001,+2.40134012e+000,+1.20171821e-002,+1.54840865e+000,+3.72855307e-003,+6.88606845e-001,+5.78547112e+000,+2.39755544e+000,+1.15466476e-002,+1.97331844e-003,+3.64442444e-001,-6.77234652e-001,-1.73084201e-001,-6.77234652e-001,-1.73084201e-001,+6.99002800e-001,+6.99002800e-001,                ,                ,                ,                ,                ,                ,+1.97332194e-003,+6.12572196e-003,+6.12573276e-003
+4.45492840e+011,+1.54966996e+000,+3.23684478e-003,+6.04019851e-001,+2.40146651e+000,+1.00320823e-002,+1.54874112e+000,+3.82252904e-003,+7.13806804e-001,+6.10722150e+000,+2.39858444e+000,+1.18402158e-002,+1.63603473e-003,+3.05508403e-001,-7.49958318e-001,+1.29183410e-001,-7.49958318e-001,+1.29183410e-001,+7.61003175e-001,+7.61003175e-001,                ,                ,                ,                ,                ,                ,+1.63603757e-003,+5.08009611e-003,+5.08010488e-003
+4.50388365e+011,+1.54904080e+000,+2.45208964e-003,+4.62606910e-001,+2.39952139e+000,+7.59677381e-003,+1.54907746e+000,+3.94612308e-003,+7.44984009e-001,+6.21062973e+000,+2.39962541e+000,+1.22257006e-002,+1.51799857e-003,+2.86581681e-001,-6.41823185e-001,+4.67957974e-001,-6.41823185e-001,+4.67957974e-001,+7.94305776e-001,+7.94305777e-001,                ,                ,                ,                ,                ,                ,+1.51800115e-003,+4.71497520e-003,+4.71498316e-003
+4.55283891e+011,+1.54798143e+000,+3.91463208e-003,+7.46555061e-001,+2.39623118e+000,+1.21195555e-002,+1.54941380e+000,+4.06971711e-003,+7.76668458e-001,+6.11675911e+000,+2.40066657e+000,+1.26113517e-002,+1.67987574e-003,+3.20589524e-001,-4.03302390e-001,+5.64951627e-001,-4.03302390e-001,+5.64951627e-001,+6.94134828e-001,+6.94134828e-001,                ,                ,                ,                ,                ,                ,+1.67987854e-003,+5.21931859e-003,+5.21932723e-003
+4.60179417e+011,+1.55032262e+000,+4.65530708e-003,+8.97354680e-001,+2.40347857e+000,+1.44344558e-002,+1.55165592e+000,+4.93105580e-003,+9.51165891e-001,+5.48822643e+000,+2.40761178e+000,+1.53026039e-002,+2.16375880e-003,+4.17374495e-001,+2.54857901e-002,+6.78849039e-001,+2.54857901e-002,+6.78849039e-001,+6.79327273e-001,+6.79327273e-001,                ,                ,                ,                ,                ,                ,+2.16376233e-003,+6.73615756e-003,+6.73616850e-003
+4.65074942e+011,+1.55389803e+000,+5.79239450e-003,+1.12841716e+000,+2.41456555e+000,+1.80015808e-002,+1.55389803e+000,+5.79239450e-003,+1.12919835e+000,+5.71706415e+000,+2.41456555e+000,+1.80015808e-002,+2.11863256e-003,+4.13017489e-001,+4.05932876e-001,+4.36973049e-001,+4.05932876e-001,+4.36973049e-001,+5.96428491e-001,+5.96428491e-001,                ,                ,                ,                ,                ,                ,+2.11863596e-003,+6.60882191e-003,+6.60883243e-003
+4.69970468e+011,+1.55860863e+000,+3.21678121e-003,+6.33258024e-001,+2.42925052e+000,+1.00274059e-002,+1.55860863e+000,+3.21678121e-003,+6.33696420e-001,+4.48239200e+000,+2.42925052e+000,+1.00274059e-002,+2.97525532e-003,+5.86117458e-001,+7.56688905e-001,-2.15349674e-002,+7.56688905e-001,-2.15349673e-002,+7.56995280e-001,+7.56995280e-001,                ,                ,                ,                ,                ,                ,+2.97526003e-003,+9.29365877e-003,+9.29367341e-003
+4.74865994e+011,+1.56016110e+000,+1.09699000e-002,+2.18203819e+000,+2.43398233e+000,+3.42296226e-002,+1.55655535e+000,+9.21648640e-003,+1.83453338e+000,+5.11061197e+000,+2.42277962e+000,+2.86919425e-002,+3.58898305e-003,+7.14384970e-001,+3.27631841e-001,-2.19570902e-001,+3.27631841e-001,-2.19570902e-001,+3.94403352e-001,+3.94403352e-001,                ,                ,                ,                ,                ,                ,+3.58898859e-003,+1.12390573e-002,+1.12390744e-002
+4.79761520e+011,+1.55380373e+000,+1.42036859e-002,+2.85440162e+000,+2.41410427e+000,+4.41394800e-002,+1.55110082e+000,+1.22216772e-002,+2.45779344e+000,+5.15443108e+000,+2.40576437e+000,+3.79141070e-002,+4.35312653e-003,+8.75420102e-001,+2.61734030e-001,-1.55413057e-001,+2.61734030e-001,-1.55413057e-001,+3.04397636e-001,+3.04397636e-001,                ,                ,                ,                ,                ,                ,+4.35313306e-003,+1.36106814e-002,+1.36107015e-002
+4.84657045e+011,+1.54884305e+000,+1.94624832e-002,+3.95113065e+000,+2.39853600e+000,+6.02886635e-002,+1.54564628e+000,+1.52268680e-002,+3.09338713e+000,+4.86963283e+000,+2.38879057e+000,+4.70707038e-002,+7.21998704e-003,+1.46676569e+000,+1.63068036e-001,-1.09612505e-001,+1.63068036e-001,-1.09612505e-001,+1.96484314e-001,+1.96484314e-001,                ,                ,                ,                ,                ,                ,+7.21999756e-003,+2.25389681e-002,+2.25390003e-002
+4.89552571e+011,+1.53679049e+000,+1.52375444e-002,+3.12466116e+000,+2.36149282e+000,+4.68338266e-002,+1.53988723e+000,+1.23745861e-002,+2.53933021e+000,+4.98095515e+000,+2.37109955e+000,+3.81109344e-002,+5.03303204e-003,+1.03280613e+000,+2.73612254e-001,-1.52369382e-002,+2.73612254e-001,-1.52369382e-002,+2.74036183e-001,+2.74036183e-001,                ,                ,                ,                ,                ,                ,+5.03303917e-003,+1.56251671e-002,+1.56251889e-002
+4.94448097e+011,+1.53412818e+000,+9.52230428e-003,+1.97220190e+000,+2.35345860e+000,+2.92168707e-002,+1.53412818e+000,+9.52230428e-003,+1.97356723e+000,+4.62222278e+000,+2.35345860e+000,+2.92168707e-002,+3.92438210e-003,+8.13358021e-001,+4.14034955e-001,-1.16212624e-001,+4.14034955e-001,-1.16212624e-001,+4.30035252e-001,+4.30035252e-001,                ,                ,                ,                ,                ,                ,+3.92438749e-003,+1.21157487e-002,+1.21157652e-002
+4.99343622e+011,+1.53920126e+000,+6.16523665e-003,+1.28954906e+000,+2.36910251e+000,+1.89790801e-002,+1.53920126e+000,+6.16523665e-003,+1.29044179e+000,+4.55061712e+000,+2.36910251e+000,+1.89790801e-002,+3.21501063e-003,+6.72932761e-001,+2.42532527e-001,-5.25882015e-001,+2.42532527e-001,-5.25882015e-001,+5.79114773e-001,+5.79114773e-001,                ,                ,                ,                ,                ,                ,+3.21501500e-003,+9.93673949e-003,+9.93675289e-003
